{
  "Format": "",
  "Category": "",
  "Name": "",
  "BaseFrequency": 0.5006376780100997,
  "FrequencyLimit": 0,
  "FrequencyRamp": -0.2125167033248673,
  "FrequencyDeltaRamp": -0.012424019491982664,
  "VibratoStrength": 0.6874685806811078,
  "VibratoSpeed": -0.9482858468929087,
  "VibratoDelay": 0,
  "ArpeggioMod": 0.830034561180057,
  "ArpeggioSpeed": -0.1059457590487457,
  "DutyCycle": -0.975877667401729,
  "DutyCycleRamp": -0.1336686898212696,
  "RepeatSpeed": -0.59521082038716,
  "FlangerPhaseOffset": 0.002656813433190869,
  "FlangerPhaseRamp": 0.08754302803247858,
  "LowPassFilterFrequency": 0.6515521742992632,
  "LowPassFilterFrequencyRamp": 0.1551661401806762,
  "LowPassFilterFrequencyResonance": 0.43330905552668764,
  "HighPassFilterFrequency": 0.36275134839147866,
  "HighPassFilterFrequencyRamp": 7.338693206480518e-8,
  "SoundVolume": 1.600000023841858,
  "WaveShape": 0,
  "EnvelopeAttack": 0.25506664478602176,
  "EnvelopeSustain": 0.7416748393624794,
  "EnvelopePunch": 0.3025676720758696,
  "EnvelopeDecay": -0.7250096908712667,
  "SampleRate": 44100,
  "SampleSize": 8,
  "Noise": null
}