{
  "Format": "",
  "Category": "",
  "Name": "",
  "BaseFrequency": 1.0528259086254197,
  "FrequencyLimit": 0,
  "FrequencyRamp": -0.08443454808203261,
  "FrequencyDeltaRamp": 0.028751662547946054,
  "VibratoStrength": -0.030864574688674623,
  "VibratoSpeed": 0.04659575363027946,
  "VibratoDelay": 0,
  "ArpeggioMod": 0.47035127257834985,
  "ArpeggioSpeed": -0.4251865362578069,
  "DutyCycle": 0.3554658197522711,
  "DutyCycleRamp": -0.47434472067098904,
  "RepeatSpeed": 0.19841495022846156,
  "FlangerPhaseOffset": 0.8409766627486575,
  "FlangerPhaseRamp": 0.01963219581153627,
  "LowPassFilterFrequency": 0.9856250920690826,
  "LowPassFilterFrequencyRamp": 0.0024996329868592873,
  "LowPassFilterFrequencyResonance": -0.1310741406206748,
  "HighPassFilterFrequency": 0.025330649921412957,
  "HighPassFilterFrequencyRamp": -0.007652592812818456,
  "SoundVolume": 1.600000023841858,
  "WaveShape": 0,
  "EnvelopeAttack": -0.000003344947779069115,
  "EnvelopeSustain": 0.9465020653960692,
  "EnvelopePunch": 0.46415654527363726,
  "EnvelopeDecay": -0.7055438519270858,
  "SampleRate": 44100,
  "SampleSize": 8,
  "Noise": null
}