{
  "Format": "",
  "Category": "",
  "Name": "",
  "BaseFrequency": 0.6618445279401562,
  "FrequencyLimit": 0,
  "FrequencyRamp": 0.1872109193620712,
  "FrequencyDeltaRamp": 0.09082847742854798,
  "VibratoStrength": 0.1452531642922867,
  "VibratoSpeed": 0.4331541659406941,
  "VibratoDelay": 0,
  "ArpeggioMod": 0.6106846534316333,
  "ArpeggioSpeed": -0.6768576407906282,
  "DutyCycle": -0.35862022952976347,
  "DutyCycleRamp": 0.11411337408819035,
  "RepeatSpeed": -0.8901164304013792,
  "FlangerPhaseOffset": -0.12124597010212108,
  "FlangerPhaseRamp": 0.2419254004598752,
  "LowPassFilterFrequency": 0.9995729436962826,
  "LowPassFilterFrequencyRamp": 0.001558322999748806,
  "LowPassFilterFrequencyResonance": 0.9949997301654692,
  "HighPassFilterFrequency": 0.05729327144523511,
  "HighPassFilterFrequencyRamp": 0.033681122287110406,
  "SoundVolume": 0.699999988079071,
  "WaveShape": 1,
  "EnvelopeAttack": -0.48764262039820583,
  "EnvelopeSustain": 0.6778732043607956,
  "EnvelopePunch": 0.020426721015722057,
  "EnvelopeDecay": 0.1344356822846714,
  "SampleRate": 0,
  "SampleSize": 0,
  "Noise": null
}